Area;MajorAxisLength;MinorAxisLength;Eccentricity;ConvexArea;Extent;Perimeter;response
87524;4422460114;253291155;819738392;90546;758650579;118404;0
75166;406690687;2430324363;801805234;78789;68412957;1121786;0
90856;4422670483;2663283177;798353619;93717;637612812;1208575;0
45928;2865405586;2087600423;684989217;47336;699599385;844162;0
79408;3521907699;2908275329;56401133;81463;792771926;1073251;0
49242;318125407;20012212;777351277;51368;658456354;881836;0
42492;3101460715;1761314494;823098681;43904;665893562;823796;0
60952;3324554716;235429835;706057518;62329;74359819;933366;0
42256;3231896072;1725759261;845498789;44743;698030924;849728;0
64380;3669648423;2277716147;784055626;66125;664375716;981544;0
80437;4494545811;2323255064;856042518;84460;674235757;1176305;0
43725;3013222176;1869506295;784258452;45021;697068248;818873;0
43441;2766108288;2018131355;683882337;45133;690855598;803748;0
76792;3388575454;2913592017;510583813;78842;772322237;104277;0
74167;3877989307;2478581228;769089738;76807;680181585;1084729;0
33565;2615543311;1677084908;767374275;35794;68155052;751413;0
64670;4030839752;2064846437;858829168;66419;75677257;1028445;0
64762;3542939396;2357524629;746473726;66713;694998015;981509;0
43295;3042844667;1828110368;799406959;44714;713838189;81468;0
70699;4186985723;2165960537;855799392;72363;728075054;1061321;0
69726;3541769124;252529208;701160962;71849;734398534;1035501;0
57346;3304784385;2224437485;739555027;59365;723608833;928272;0
82028;3971149759;2683337727;737169367;84427;686375085;1106355;0
61251;3015077895;2736599414;419753707;64732;643595671;971769;0
96277;4471345225;2752161542;788128405;97865;704057157;1181921;0
75620;3682242844;2634592554;698627251;77493;726277372;1059186;0
73167;340055218;2760151772;58410581;74545;778736856;1010474;0
60847;3369238696;2314656959;726660229;62492;69858783;964603;0
81021;3477500583;2976406265;517134931;82552;757559607;1063868;0
59902;3585919148;2229020273;783331958;63250;744124224;982788;0
88745;429770355;2656902361;786009488;90715;752063524;1162877;0
41809;3075327392;175085568;822113695;43838;697444367;828697;0
75329;3642307798;2658668635;683510499;77541;723079729;1075792;0
61600;3501827545;2258427713;764243075;63397;746829611;972472;0
46427;2538420284;2359068241;369212459;48275;684219059;844312;0
40861;2497402266;2135732718;51832833;43096;743089401;784912;0
55827;305298843;2346612245;639696077;57724;703287982;926095;0
54182;3660666742;192013274;851391425;56450;611417674;968729;0
77468;4059365937;2459897977;795479241;79220;721545397;1100676;0
49882;2872643272;2221858727;633851884;50880;766377827;843764;0
95245;397094114;3072739224;633422315;97988;75304396;120139;0
71464;3641030896;2537969272;717025543;73265;715484271;103694;0
77055;3752501319;2628124219;713783938;79255;732267077;1095283;0
92384;3684062138;3207145792;492086934;93772;749006827;1135662;0
77310;4365298989;2282803725;852367489;80138;631720869;1141189;0
57580;3302283748;2320553872;711474579;60232;645103465;992114;0
69708;3754472798;2391327753;770923534;71321;727177893;1022568;0
41502;2605126753;2058650238;612809911;43114;824319225;790427;0
45800;3300086832;1816658648;834842987;47802;732682771;870387;0
52623;3119967579;2180411235;7152614;54175;675190536;902624;0
44939;3176167119;1833152147;816632082;46400;656177905;845786;0
114648;5081289326;2889539812;822570794;118314;681904966;1340897;0
65727;4031942717;2100732642;853542978;67372;616981132;1030155;0
45683;3332625321;1777720961;845844473;48787;634230657;901102;0
111450;4783109708;298630592;781149506;113256;690092879;1298188;0
47581;3068118747;203097502;749538262;49203;667775392;86158;0
57127;3116445775;2386419206;643138024;59943;693625546;952023;0
53006;3333813698;2068807081;784164747;55456;691695375;936371;0
69060;3284888612;2758888648;542783247;72223;727023897;1039551;0
25387;225629541;144618672;767577386;26139;678144032;619074;0
66774;3485579747;2464762569;707082253;69097;692446491;1003374;0
47839;3126013291;1987512989;771855496;50166;702770596;86806;0
78571;4438222908;2287576146;856934002;81718;642192762;115733;0
64717;3425767105;2457320369;696759162;66649;66254095;997989;0
60462;3733428463;2081086262;830230914;62213;665683112;990547;0
59370;3459492049;2219219567;767133811;61464;697485902;981517;0
54056;3322676409;2086190158;778322762;55539;674553259;912153;0
89235;4435159353;2589467393;811861615;91201;655190643;1179694;0
51727;3211271422;2087667575;759843328;52913;751889645;903308;0
71595;3873096951;2367511846;791421357;74045;718536732;106977;0
95347;4515261542;2802261534;784111496;99256;674956111;1255245;0
60449;3838002498;2081687832;840127895;64346;67634488;1054198;0
69006;3793178462;2418502909;77037364;72895;697453002;1086857;0
68520;373235638;2370415232;772430874;70759;712858926;1049093;0
52731;3099772864;2197253525;70536589;54438;695879962;89448;0
50570;3113447951;2083178983;74318078;51743;720863268;873777;0
75825;3912043013;2485002712;772332349;77437;745370006;1081339;0
42637;2934295802;1894321576;763692969;44052;725119048;814182;0
76984;4250481856;2339734424;834859339;78641;758754595;1091754;0
47851;3231525189;1916109615;805244577;49187;773237024;860402;0
51220;3286476055;2025088754;787598712;52903;692470967;896728;0
53890;3310863197;2165794558;756366569;57109;704444444;957132;0
58650;3463389582;2196843649;773083296;62380;660287081;991612;0
98935;3875169377;3268987235;537014933;100747;740420596;11766;0
77587;3968075663;2519449198;772569894;79970;703864647;1100836;0
180898;8439566534;3231905688;923770364;221396;454188929;2253557;0
71266;390707154;2356868033;797566261;73002;66062887;1034183;0
39457;2675569406;1887651659;708695988;40472;697576154;755822;0
35237;2675537786;1735251032;761162183;37418;706832223;750909;0
49059;3018003982;2104672152;716709132;50835;698607314;867582;0
53896;3190720226;2176957013;731093185;55392;745944749;889626;0
56469;325341425;2251150238;721960082;58697;685736144;933896;0
85156;4222791325;2602106227;7875856;87057;702560887;1140684;0
67044;3612553722;2382264457;751756706;68626;756943504;989016;0
52243;3314511469;2067595988;781583108;55774;714434188;934547;0
38968;2694020207;1857275682;724374455;40147;737583283;769242;0
79661;3600734473;2827390316;619209281;81032;779156886;1045658;0
59282;3292425655;2337746492;704163616;60580;725925745;920573;0
48177;305784503;2024661938;74939737;49877;677642591;860548;0
74904;3428963104;2801155681;57676457;75898;731741628;1012365;0
81581;4242783146;2455074738;81557794;83143;762382252;1114736;0
57820;3761911744;1997971077;847305856;59968;714780201;97885;0
57808;3099716571;2413665105;627430162;58954;710346522;911857;0
55306;3531546092;204126836;816029801;57396;743990207;973259;0
59459;3471551548;222109478;768542385;61585;709619286;966329;0
44247;3197903082;1786479431;829409642;45872;677637221;842121;0
48945;2693704112;2391621656;460121209;51456;711244478;872289;0
68864;3436762094;2619884386;64720992;71726;698347024;1035022;0
82826;3967059122;2697628551;733205484;84981;745434745;1115811;0
65396;3315384446;2532429662;645403364;66783;764829716;975425;0
81572;393716176;2658146124;737687128;84964;698270844;1187338;0
44367;3225040186;1767089727;836525515;46531;732999603;883973;0
51448;328289568;2021603698;787903331;52772;704805743;877799;0
50545;2868713324;2271597173;610712677;51771;835454545;847664;0
94063;4481210966;276607844;786758156;99085;70929382;1259451;0
84129;4130345598;2616430865;773771049;86242;713834797;1144973;0
79735;4109979193;2502207874;793313932;83306;749044143;115454;0
90176;390207341;2947622385;65526509;91793;762549046;1136669;0
61492;3564260216;224163105;777470812;65298;690843725;1013202;0
79532;3675260058;2772241619;656532102;81603;735114151;1075271;0
69302;3549636669;2544527709;697235919;71843;701153379;105102;0
52266;3204425614;2138574996;744715834;54116;684289081;92319;0
51180;2886310651;2266304906;619253764;52396;737442725;855997;0
55787;3337034529;2269512079;733120775;59520;688592377;977425;0
96064;4112070534;3032324524;675434094;99609;731331126;1223904;0
54316;3518052608;1984175196;825776045;55960;655895281;930627;0
70941;3260111541;2781026598;521834977;72330;76010929;99305;0
55770;2935806697;2434806344;558731929;57633;740165631;900109;0
47478;2998185828;2052960945;72879271;48900;720914695;861179;0
88197;4732866901;2387384529;863454506;90297;658456829;119328;0
74728;355310549;2707408973;647596035;76287;766676926;1048675;0
70788;3626507703;2494037249;725972018;71954;7461579;1003769;0
48894;3180989115;1974955028;783919938;50468;663815575;875174;0
52051;3137032602;2136317375;732283957;53550;695051277;893451;0
53270;3361488879;2043070754;794099752;55288;693692051;922011;0
57227;35443108;2075949862;810518333;59307;649981827;953496;0
97026;4559715909;2730538098;800869044;99561;671204732;1212667;0
58495;3687395425;2057578712;829838749;61496;630103195;998437;0
53758;3595316125;1934008772;842992995;57197;710295439;965068;0
110616;4611445532;306899065;74638361;112150;752397666;1252875;0
49175;2814314214;2244858963;603110639;50672;727613045;845128;0
53698;3482232313;1977528973;823103652;56089;731341251;938705;0
73125;408940773;2312190014;824810334;75540;656512605;1096751;0
50445;3083589121;2088552452;735695738;51555;723225806;851632;0
46742;3035552029;1994459327;753861393;48077;70526284;847792;0
69317;3933989966;228722883;813616588;72170;661674303;1066388;0
75314;3926515582;2460756721;779258691;77118;704712179;1073768;0
54428;3391147492;2066458262;792887194;56175;723391813;922878;0
39509;2862315627;1804373603;776279027;41446;722972478;790531;0
66568;3422503611;2495505;684358117;68078;759917351;993455;0
45264;2905883604;2033191422;714455428;48142;656913967;879832;0
57980;336312888;2226097658;74958095;59311;777295152;925795;0
75114;368730119;2624744722;702348195;77454;740915368;1051266;0
78991;3626408695;2790908401;638518237;80355;708897225;1071385;0
76253;3642255696;2695167915;672637467;78443;724287614;1070053;0
83229;423844374;253809071;800879085;86345;653494033;1153434;0
45962;2511333844;2353680757;348729642;47173;742280362;810195;0
57766;344737416;2151097845;78143908;59834;737582676;950721;0
39669;252748198;2022643597;599652719;41860;663039663;791464;0
41050;316841636;1673283344;849173815;42965;641185842;846833;0
47771;3115249871;197090849;774425873;49237;683409393;857776;0
53389;301845898;2285166995;653340582;55158;715746997;906666;0
73319;3923626656;2391884853;792700937;75653;709568466;1075279;0
91831;4633578718;2579511277;830713904;95560;710370382;1252762;0
71452;3979614266;2397987804;798067621;73864;751833496;1101502;0
59970;3530016249;2196829418;782756248;61834;755822747;978631;0
51683;3252398678;2089148245;766419171;54510;728442565;928217;0
41283;2681253606;1996354013;667555617;42505;732383622;798515;0
92735;436985567;2715787847;783428223;94693;704122154;1183447;0
44627;2972593228;1947602777;755467225;46921;67518458;848487;0
84260;4113973639;2629740989;769022556;85978;686782733;1157001;0
59076;3504871954;2166793239;786002573;61643;645498252;988273;0
58741;3454854484;2223818455;765295307;60701;714819412;948233;0
68627;4118885236;2168939999;850122963;70932;738242255;1097292;0
51941;3492261695;1918173343;835648938;53893;708995359;912259;0
77161;3942783917;25321136;766524847;82746;671900035;1127409;0
85105;3822899916;2887584072;655334662;88056;776944987;1139446;0
52508;2976969009;2262519485;649914023;53588;756163594;862778;0
39941;2518477358;2084681478;561090145;41594;70757157;777663;0
48693;3065739068;2042806212;745653394;50298;740127679;848422;0
87858;441224088;2556622254;815015963;90905;708726586;1176287;0
67718;3739240984;2332332051;781628075;71102;736994471;1024993;0
63968;3330124213;2478885463;66775371;65403;756999834;953445;0
43461;3337059198;1693095334;861733321;45669;677934111;867446;0
81546;3813486543;2738100991;696038327;82807;711719732;1057448;0
43563;2965221609;1881957136;772777753;45174;696283865;81741;0
36145;2807576527;1665935504;804928834;37401;812265444;747161;0
57741;3164840294;2342836291;672309707;58976;712711069;906829;0
69024;3728219867;2376598183;770481865;70649;721042955;1015771;0
78982;4211618485;2416404129;819032478;81442;753436549;1102423;0
78240;4019300875;2498313709;783351347;79677;757992637;1059644;0
87036;3849699031;2894539006;659291894;88336;727896163;109459;0
37569;2324278475;2081520065;44495009;38874;794371379;734102;0
79748;4419342925;2317175312;851517765;81718;738448432;1120963;0
44156;3077069822;1860924236;796399015;45285;633605969;820714;0
87302;3929101168;2841790677;690568105;89605;73824584;112216;0
69312;3738031053;2371945766;77288661;70719;706155633;1001236;0
86545;3501278744;3157195205;432307345;87512;785886818;1070062;0
59729;3370434753;2318092351;725926293;62511;683711081;966438;0
59822;3365840696;2279495391;735758503;60648;700286801;916044;0
63452;3348459883;2432364806;687258427;64925;735317295;945523;0
61996;3337476396;243540245;683752754;63641;673137894;958627;0
74763;391227169;2455420203;778519786;77508;686113099;1063377;0
73193;401072302;2358289934;808863683;75563;740115679;1050909;0
66508;3449045201;2490897821;691685086;69240;703014672;1001714;0
74849;3799250258;2526171178;746920746;76154;735392657;1040788;0
38585;2744450783;1809575592;751829118;39926;696593309;762439;0
61377;3397334965;2340242375;724907214;64027;705612526;975553;0
39547;2594226253;1984655312;643997206;40765;733384022;763979;0
49998;3017807071;212326943;710615819;50857;779294866;834328;0
49063;2947482868;217913109;673354968;50732;658811365;869795;0
46961;3437885277;1771367946;857040355;48476;61463255;891528;0
57271;3726991236;1969761351;848925537;58786;769151222;949936;0
58909;3473439411;2181227905;778234722;60379;704257176;944879;0
51336;3218844382;2061461473;768012151;53944;742600897;898546;0
62422;3245569613;247707867;646140518;64021;716062129;947541;0
48447;3310510122;1899172045;819079815;49996;625615;883044;0
64364;3766624701;2216551009;808518015;67510;654744466;1057897;0
72915;4147180727;2295557698;832834246;76912;679771405;1131096;0
49414;290458237;2194182435;65523977;51029;711033729;869188;0
45723;2911972864;2030202207;716885111;48658;648829289;875764;0
64988;3713536275;2269099341;79160385;67847;67011755;1048186;0
56709;293408498;2477165958;535914821;58143;778285573;904508;0
93559;4386343535;2755829735;777991385;95750;687069934;1198259;0
81916;398326553;2654181085;74565434;85615;663072689;1113144;0
79274;4069762258;2552178271;778932753;81976;708385459;1110378;0
88724;4464304557;2603787541;812295614;92630;656529107;1216535;0
65469;3744662312;2275389974;794215984;68018;714438491;1020029;0
75799;3409827093;28915047;530009681;79230;741100324;1065191;0
76741;3839821631;2581339883;740319531;79198;745202952;105674;0
54219;3442908319;2044966891;804490914;56526;688495238;93143;0
52693;2835042387;2421139544;520265279;54860;737749216;895745;0
84539;4415288902;2483743168;826775225;87728;687577266;1169983;0
34559;2645151675;1689830565;769339036;36516;664187423;750365;0
49715;3023473906;2133645111;708517498;52250;650107229;87743;0
39716;2430382802;2101140569;502579995;40598;779432833;737468;0
46845;2649672544;225842499;52298617;47739;759090614;799991;0
52547;3583657191;1892067438;849262336;54649;703402763;929471;0
41593;3106748925;1783232873;818864551;44753;572669696;870063;0
44460;294624132;1975565774;741875489;47486;647425443;849225;0
51145;3173482375;2110255917;746874181;53531;710051367;89504;0
43345;3238592139;1751857446;841066464;46785;649275753;87702;0
53987;3313506586;2131674456;765589944;56076;673221768;931117;0
59514;3686379093;2091269246;823513752;61469;755157975;96836;0
85739;3803703785;2882561589;652451831;87052;762151543;1094576;0
56096;3133863101;2322824399;671282476;58701;711769781;929115;0
46120;3000971584;2012063136;741936124;49996;628971988;907025;0
57676;3339700499;2222744566;746351424;58991;688668657;926255;0
62064;3523686704;2278641444;762774955;64811;650566038;1004245;0
50274;3053972558;2122734472;718938975;52016;687507692;868951;0
77225;3621373458;2770098428;644113015;80872;732483472;111044;0
45598;2598962651;2256562198;496118267;47266;741286253;813276;0
38545;283987539;1754205147;786409924;39765;760436395;77059;0
39439;2467636115;212635393;507423663;42795;646827284;793005;0
74109;4167127171;2305595405;832994182;78032;706459362;1095055;0
41755;2967883761;1841913772;784115281;43362;691330839;804559;0
61463;3693997455;2136196205;81583235;63117;786776754;966493;0
43743;300906335;1858512318;786462407;44836;670082721;802261;0
73499;3460510824;2755139073;605079015;76355;73124602;1050012;0
40403;2892593164;1792233834;784922337;41209;722204347;761949;0
62343;3482887882;2328200404;743740567;63897;705620699;979447;0
46008;2968792842;2120277194;699953594;48762;69527897;86058;0
43495;2716466724;2051640687;655424446;44535;754021912;785843;0
50649;3271109948;1995409197;792393852;52462;766294481;875267;0
61235;3490264129;2268031;760091178;63504;718720657;974079;0
78883;3951000971;2569649659;759609525;80973;678446719;1092709;0
58734;3674839462;2050210803;829904913;59845;757476883;945191;0
68253;3884547229;2247316909;815662968;70347;746130132;1042257;0
62401;3943975005;2031386868;857153654;64722;740084919;1004349;0
73046;3973381636;2348282406;806669001;74242;690650883;1037399;0
54968;3009544323;23438957;627246499;56851;75133953;893644;0
84057;4527756953;2452199818;840641076;86710;622017819;1179024;0
90178;466249387;2501043018;843952802;92321;752003469;1180478;0
67883;3831890177;2333566734;793181118;70360;697810444;1030869;0
43901;3041003495;1912982735;777354334;46443;648741706;884495;0
33662;2272937917;1911090383;54134302;34787;792998657;699415;0
77043;3886927274;2575462902;748976897;80094;72693048;1112212;0
64875;393214664;2129548238;840653105;67701;77052354;1014789;0
42609;2801490165;2002718741;699251006;44944;673127962;840167;0
79510;3807191934;2670341186;712773879;81779;73159735;1075307;0
58857;3208119081;2353860453;679452185;60597;690364202;927048;0
67754;3491971378;2516796378;693207597;69536;655261122;1032358;0
54842;3082324435;2272577315;67557273;55879;73819523;887109;0
78352;4088096881;2454408089;799715505;80474;684273038;1099512;0
72447;4017420402;2315372369;817214876;74481;709103722;1055302;0
58239;3242950626;2309972581;70186924;59977;721190282;94022;0
93879;409486907;2929160989;698792225;96072;767668921;1174166;0
68129;3811754896;2300560205;79733001;70141;65970447;1050867;0
74426;4116968203;2317495984;826515979;76449;679453706;1071612;0
60650;3243616267;2422285019;665065172;62580;721542781;941486;0
136340;7228539172;3113413551;902489762;176818;529774048;2098263;0
65051;3812139503;2182168451;81995626;66476;644356396;1002035;0
72219;3766504925;2495294544;749065428;74373;777794531;1050221;0
81405;4210948928;2480867654;808025921;83634;713728344;1148651;0
70196;3731976471;2438811053;756934744;71937;690789927;1024256;0
69120;352011403;2508148535;701652699;70274;703439853;978434;0
56327;2977657247;2419344257;582962247;58178;727739018;915496;0
54983;2928989067;2484080201;529833692;58095;725273711;921613;0
105020;4403896311;3061052886;718934015;107423;714616222;1228366;0
36113;2576418527;1811570788;71105609;37442;694480769;737637;0
87429;4089260276;2738879417;742565182;89063;703574648;1120019;0
57785;3144309771;236183035;660138051;58867;732865767;903769;0
69846;3684507096;2439751621;749358072;72585;676723637;1040716;0
81456;4043163937;2588920062;768107985;83499;725472034;1103153;0
61959;3395850181;2346979363;722728935;64424;712041464;970754;0
61730;3761885565;2106115221;82858974;63756;632188028;989499;0
62835;4211693384;1911698622;891051301;64406;786145031;1018553;0
52651;3408169568;204432884;800126045;56217;683504044;915939;0
67093;3531098719;2430010336;725545687;68383;76069161;972971;0
45160;2705553766;2201186723;581451809;46805;686071949;833117;0
58989;3626681085;2095097184;81625629;60916;732782609;950717;0
44007;3593755027;1617023657;893051844;48490;644743975;90117;0
65062;344309794;2426836332;709365401;65825;769218037;948889;0
38724;2910010917;1707762667;809690001;40133;780883243;769691;0
63514;3687863065;2212409483;800062704;65057;663844642;977085;0
46403;3063041431;1966171927;766786821;48631;637631572;84396;0
55746;2803131243;2546003304;418381972;56989;730654294;875659;0
38153;2650402262;1848022541;716817189;39564;682497943;754022;0
66094;3231877163;2610119111;589707296;67032;738719809;944713;0
57303;3300249642;2219197863;740157695;58973;716762355;919044;0
61289;3763751871;2087278098;832134559;63997;63947956;99847;0
55114;3171723252;2227534529;711870752;56849;714254241;909604;0
45567;2785021961;2167666389;627855296;49075;714070801;854724;0
72215;3804147762;2440280812;767140615;74175;720924428;1048486;0
65495;3653190043;2305255523;775762211;67299;697943308;989581;0
34977;2677377387;1708372462;769972704;37747;669480333;754366;0
76407;3734424261;264474304;706005483;79086;731251436;1074702;0
66998;3385866405;2573438202;649860993;69844;757604541;100622;0
57310;351396481;2098812282;80203462;59225;699832704;940413;0
79106;4045731673;2520663638;782187815;81999;72851683;110085;0
56837;3683727265;1987746557;841920242;59040;634965144;973599;0
53497;3525027525;1949811366;833092526;54875;691175711;921762;0
58591;3564633214;212119231;803676777;60664;784413741;970932;0
60313;3396034558;2277259242;741851492;62130;726680161;946487;0
72483;3344176092;2826808891;534302927;74945;706179792;1052159;0
52836;3404047822;2043355331;799795765;55143;817388614;928274;0
68119;3853917044;2307152076;801009823;70719;6593012;1026686;0
83490;4218829433;2543101831;797893855;86319;70994898;1168247;0
74612;4308651894;2292867182;846647455;79297;665346888;1140399;0
44081;3285871474;1733469657;849522441;46287;638466441;867003;0
39724;2716656922;189484632;716592623;41587;724282537;78197;0
89051;4185556402;2749231996;754031829;92636;738675293;119603;0
57612;3524413648;2100642098;80296515;58810;647718841;934684;0
65740;3488811561;2459761755;709164675;69233;740815867;1036517;0
69997;3627413898;2470913226;732118179;71994;722542219;1010809;0
75540;4220984896;2376386774;82646137;78465;705085125;111488;0
46397;3107243688;1929038367;783953309;48183;655278582;850782;0
61967;3647840178;2185661729;800624837;63724;687300355;981059;0
87149;4446108356;2532065911;82199021;91704;716220548;1189483;0
67798;4184081341;207825511;867919298;69356;691026582;1073138;0
49604;3106056284;2046545873;752240304;51007;760809215;855392;0
88407;4127569409;2752848499;74510983;90865;717962253;1141296;0
46601;2773532801;2162720505;626064816;48457;761653373;820106;0
53121;3509683575;1958674449;82978902;56120;732663025;930619;0
80101;377616572;2726713449;691804118;82949;725486822;1084306;0
69781;3647445188;2487961897;731248797;71504;693937827;1024207;0
58460;2907535562;2583843539;458544698;60254;774756149;908357;0
61792;4005028283;1977035112;869667343;64962;701161946;1026109;0
78084;3952097616;2543765834;765320366;80285;703003457;1097299;0
63402;3724843101;2240094059;798953455;66639;676634437;1008276;0
48809;3322648929;1903513649;81963199;51847;66134168;928016;0
49039;2854020871;2208199013;633533709;50879;714770872;841666;0
64669;3645828035;2288007673;778561165;67524;655845605;995692;0
103377;4606704313;2879931727;780495845;105569;726967785;1230233;0
73972;3592726917;2633333902;680269105;75353;754739312;1017749;0
47602;2964930361;2062251984;718479434;49089;721187789;840545;0
69151;3416460576;2583928669;654204824;70703;75184561;989917;0
56518;3191919279;2307099964;691063598;58879;718647085;916396;0
86314;3904129792;2822148203;690992119;87873;733663131;1106033;0
56477;334588138;2191856198;755550137;58408;685666764;941429;0
32097;2644163841;1579904179;801864322;33699;681117902;713775;0
71284;3562592463;2564883397;694027404;72618;742975069;1011054;0
87937;3658369921;3079116981;54000213;89581;711009953;1099568;0
100835;4197533709;3069548981;682083382;102881;752578628;1202369;0
66752;3705036219;2315511993;78065406;69039;742390035;1006028;0
65999;3262987214;2644148773;585951613;67971;676864225;998793;0
70977;3620635747;2563830246;70609608;73417;650222613;103387;0
38569;2729372082;1818567206;745688178;39909;716030818;757295;0
53964;368074061;1898138686;856772375;55662;603678181;943599;0
79100;4134963654;2464047067;803054658;81839;655148423;1113607;0
83071;4004656882;265928797;747689152;84531;718458106;1112784;0
31237;2623470571;1550257428;806731223;32564;613910617;718847;0
26908;2457557814;1437108718;811198369;28607;693487281;678815;0
66797;3581989179;2407826944;740366108;68732;697662517;1006375;0
76222;3888073993;2506960737;764366384;77958;73744195;106568;0
46810;2978913729;2015349368;736407405;48300;721307939;836109;0
65123;3823576865;2188887484;819924857;66825;764336518;1018353;0
65091;3924932707;2168275716;833555048;69597;664193878;1079752;0
68400;3635065315;2495814954;727040805;72981;725744843;1079973;0
64056;3936167673;209630823;846382218;65958;767873412;1014268;0
49821;3190820631;2022364946;773491106;51829;677975097;907423;0
80353;394340189;2645790871;74151054;83419;668021782;1120777;0
51539;3307474868;2009579393;794252979;53060;72541099;894039;0
63827;393251665;2091461847;846846105;66445;66740908;1047037;0
89345;4355508797;2620614475;798738633;91337;713846277;1176657;0
31275;264687187;1563955455;806767261;33540;658393331;727561;0
75431;4336712228;2229994167;857662466;78125;723184154;1103236;0
72718;397902945;2355598942;805935469;74803;746867425;1073916;0
82886;4248227093;253171548;803024243;85879;648281256;1163528;0
67852;3531242534;2473352308;713731082;69587;729512956;983385;0
49336;3384814606;1930052021;821499608;52619;656552752;909681;0
39368;2966559478;1712081645;816654393;41361;619968504;798546;0
51304;3500425817;189765438;840300429;52949;660997732;897111;0
91764;4337681595;2702860947;782132713;93480;692924564;1165084;0
79252;3988445645;2541729295;770638009;80799;705007428;1074108;0
50530;3289180154;1982839196;797864438;52600;681695537;897796;0
66063;3540975248;2385102532;739121421;67503;762676056;971938;0
73311;3918675067;2396017637;791294159;74825;689966401;104652;0
82793;4281169055;2493908796;812809305;84950;742458211;1130673;0
104921;4528630128;2970241867;754864415;108211;726297937;1254861;0
59654;3508999545;2194898675;780219721;62384;713052833;979727;0
76531;4076686396;2413995271;805830387;78857;731227487;1068375;0
57438;3449801825;2154342255;781038479;58924;693394176;935816;0
55129;336021702;2104280656;779635513;56855;750401546;910837;0
37302;2843301121;1705330024;800171576;39280;721173923;761131;0
58357;3383209626;220464395;758526041;59383;738172941;915379;0
33615;25447223;1710010504;740566437;35376;788048575;719935;0
47555;3308992812;1862529038;82654621;50165;680708836;873837;0
71762;3876741043;2368736053;791621183;73593;701677879;1038741;0
84677;4016681425;2696684468;741121199;86777;751028843;1118999;0
86421;3671703365;3007939859;573476639;87929;748622661;1080007;0
90191;4313669658;272751395;7747273;93719;625024255;1179374;0
34638;2517422462;178341115;705783651;35824;749399624;71394;0
39275;2740659935;1854112735;736423765;40747;712562139;772501;0
41458;2818248824;1926741159;729794954;42792;682773386;782362;0
85954;4059151667;2720833254;742093815;87690;714817957;1104717;0
56589;3439347569;2131333342;784845746;58274;659853078;931451;0
39622;2801124767;1851922062;750266822;40539;733007733;766531;0
48093;3299357423;1870417222;823784218;49367;745108064;858386;0
67404;349011262;2476902693;704512743;69607;745026085;997276;0
57838;3502854586;2148024505;789911277;59449;674039717;939149;0
58570;3553995375;2145674661;797184383;60494;657557931;962708;0
60199;3752796881;2054140518;836895588;61711;736289139;971185;0
74254;4025264818;2412834392;800432782;76702;726470473;1080034;0
63718;4075658564;2002610472;870957281;65950;7229673;1023064;0
28216;2454012948;1502455819;790668532;30316;622292797;683004;0
79055;3953686671;258275952;757139293;82562;71950598;1114488;0
86141;4141071647;2669075277;764572839;87883;718740092;1146164;0
82873;449409264;239614078;846004564;85648;700769491;1148363;0
98485;3877628358;3257371661;54252098;100682;729864528;1193908;0
53633;313479956;2186686172;716534018;55147;728432118;882669;0
63191;3352416873;2439723903;685841703;64898;704603994;977095;0
58545;3251886359;2319557989;700862765;60738;700500144;966758;0
68931;3816717342;2315281935;794994961;71336;679310549;1067692;0
67874;3600234655;2432719738;737166231;69889;678319442;1035277;0
61200;3231744104;2462883243;647469874;64553;707449022;997264;0
87089;3964868571;2802454497;70739191;88754;742231578;1154562;0
59589;3835712334;2013818552;851091037;62974;684081829;1043187;0
50312;3542355512;1823120807;857392304;52070;623352166;961439;0
41995;2592088782;2103507977;584337455;43443;729700613;801526;0
137583;649541485;2732602815;907201118;142650;731637667;1590354;1
117592;5332928563;2885583194;840966033;123587;730067672;1432006;1
95546;4871782819;251960243;855874944;99166;722782014;1276807;1
96582;4467052035;278325498;782171631;100113;706597603;1216979;1
61409;4037012948;2093658885;855007371;67286;597392869;1083477;1
154242;5859280742;3375992453;817323783;158371;7216;1530315;1
134303;6007662711;2883849296;877252896;138133;74243622;1497515;1
112378;5284003254;2727787203;856447002;115602;614705496;136674;1
124579;4399605034;3710262137;537416298;128307;698250157;1373537;1
83107;5073808994;2331538498;8881652;93706;491002009;1367331;1
107178;5087478956;2704624159;84698069;110611;632908552;1325947;1
64391;4495559014;1871223778;909255569;68813;63426911;1177714;1
126781;6594426082;2495447658;925634934;132802;73666198;155254;1
45051;3235892546;1800697373;830863512;46532;830632225;836625;1
119026;6127444115;2509269903;912304144;123463;615745148;1486769;1
67579;4023102017;2170587358;841965878;70809;70311297;1051553;1
97019;5595992129;2286417533;912721946;101539;573452572;1383647;1
184784;7401087099;32058783;901315524;192699;645353264;1791568;1
168276;6560993813;328486879;865640348;174282;681538723;1685283;1
195383;7550129141;3357904519;895655767;204472;728769116;1893414;1
65253;4189978869;2057561847;871121605;69700;66625485;1075404;1
120255;4718135294;3265463364;721793107;123486;723886976;1322814;1
108161;4851026458;2860331908;807670301;111765;707906277;1305144;1
157877;6138737446;3283133366;844964592;161901;641322804;1604103;1
83800;4408337404;2453818805;830759616;86346;657162126;1170091;1
177264;6199584724;3667632399;806236591;180994;683219376;1652694;1
127245;5303040552;3091215157;812534049;130649;679096353;1423997;1
108314;4556058765;3111711176;730434168;112497;686944665;1306577;1
128947;5728016018;2890221686;863367048;132108;604408842;1446923;1
189637;6367524368;4037193275;773309506;209580;613785469;187028;1
137508;6041144233;2920960638;875338198;141818;60152231;152979;1
75173;3658032415;2675827815;681848156;78359;67995405;1087034;1
115859;4884888558;305090778;780976537;120546;742643053;1351422;1
92188;3747201638;3243025616;500990716;95920;747599585;1190813;1
153824;536606993;3692864544;725532478;159063;739083641;1582146;1
85492;4370139693;2508926087;818780557;89018;723343769;1182575;1
106312;4643323636;2953167921;771686556;111089;729683725;1306455;1
210923;9840454912;3672795321;927737116;278217;507352075;2697753;1
89138;5071433962;2262166152;895002832;93549;738386349;1262578;1
83567;4651014658;2309042314;868059652;86859;609222133;1199017;1
171256;5313732054;4123828168;630646744;174277;70191488;1559214;1
77105;4199536962;2388394659;822525594;80497;668994838;113154;1
100443;4575698723;2836112797;784743459;104186;673788505;1269066;1
72606;424472024;223232633;850542335;76975;683852617;1117107;1
83555;4575464724;2350998706;857893642;86694;711227443;1159779;1
146268;5880092142;3216079813;83716934;150416;695421481;1535287;1
113608;5592667826;264028685;881546115;118098;627862764;1394088;1
75058;4247637094;2288458259;842459099;78952;685461187;1130395;1
116406;612665318;2518328267;911615194;125638;526259635;1480951;1
100319;4807789636;2676688956;830686786;104255;639614136;1289209;1
143386;4692765081;3973101898;532159522;146328;750260314;1422014;1
164782;6603641751;322620924;872535895;169000;757757749;1654986;1
71639;4004139594;2316201421;815716625;76252;642461908;1101879;1
141220;5756823646;3166212427;835169296;144300;659151906;1507939;1
88290;5144361539;2214448377;902609051;92317;555157323;1277388;1
102569;5153952494;2591942281;864342392;106888;573241751;1331797;1
182160;9972919406;2718723954;96212444;221527;379856115;230369;1
208264;6750983445;3955792906;810341407;212813;771748314;1755167;1
133101;6415097389;2653139704;910468935;136793;582496357;1544712;1
169009;7195058781;3015651259;907927113;174718;716926627;1781378;1
81901;4508275297;2372089894;850383428;85000;583107877;1192014;1
80678;4579252352;2297035618;865089207;85201;607359562;1226244;1
101661;4409818348;2955307052;742211915;105429;713290393;126805;1
82207;4510060488;2351597735;853305321;84780;629437077;1182274;1
166275;6023077749;3562362867;806340027;168292;719282081;1580961;1
188651;6210126864;3903076128;777808102;192922;747156346;1698394;1
202118;684602958;3797192817;832079617;209242;717218816;18279;1
97375;4689040381;2682670249;820173426;100169;694716941;1244252;1
64303;4427453136;1870290194;906395428;67199;686235379;108168;1
86715;4404743232;2543360345;816451523;89920;735371438;1173259;1
155702;6553989662;3046121493;885429547;160709;697046209;1626909;1
84295;4588440074;238289021;854577011;88521;708450645;1202583;1
177206;6996182638;3281121355;883204868;181412;739152923;1754378;1
110897;5187876139;2752605054;847632242;115550;7304361;1365577;1
56903;360815292;204037706;824754645;59797;718426867;98039;1
113029;5585161561;2652842028;879996398;116783;66209179;1419577;1
69579;3985966833;2245785157;82616862;71648;719385856;1071644;1
163442;594759221;3514256873;806766406;167471;704685775;1621959;1
114289;5806008301;2617636982;892599892;120657;649487407;1455893;1
74652;4249806728;2316042653;838451647;79014;59261729;1157109;1
90559;4735758459;2469199675;853315591;95477;673231039;1328744;1
104352;5623359079;239402593;904850809;107968;668066581;139073;1
82161;4417955517;246810056;829402027;86909;630243012;1222158;1
131816;5327314252;3226830027;795682271;138992;722192393;148884;1
163082;6961490457;3022224471;900847975;167442;763778569;1687178;1
77012;4252194272;2394695614;826343087;81325;654279767;113153;1
81604;5285858925;2047395131;921939284;87172;491460095;1299386;1
82853;4301149972;2511757003;811772822;85292;746436873;113984;1
145693;5911801444;3214311911;839272464;151644;6485275;1595364;1
96443;5412000742;2325480394;902976663;101271;553411373;1352482;1
168620;7307609597;2955004623;914593881;172003;796730297;1725003;1
193032;6611487714;3764321931;822087757;197672;631120527;1744271;1
140897;5880709185;3080257871;851847299;146231;733999104;1536473;1
118988;4833400048;3152484647;758021814;122375;7844673;1356398;1
103666;4563827046;2939224346;765003405;107992;647265235;1332203;1
68231;3946465339;228161;815937489;71591;664527251;1099228;1
88928;395724998;3002270016;6514683;93821;671063554;123954;1
117077;4961307567;314547414;773332196;123305;70883156;141916;1
123056;6181418151;2569501109;909510252;128101;641284069;1522028;1
94455;4968950128;2452439068;869715856;97496;719887507;1256322;1
89311;4292790857;2708593166;77581274;94720;682649239;1234547;1
68982;4007368809;2239076574;829342993;73278;728765213;110579;1
204864;5966398018;4404971275;674476207;209457;751009036;1726246;1
83693;437734856;2454242627;828040175;87230;702859542;1177858;1
75529;4185184789;2339901934;82910585;79168;658669736;1143294;1
121034;518720443;3057358095;80783856;125665;70666472;1418304;1
105192;4405629092;3057917791;71988502;107313;736901835;1244054;1
77402;4694593474;2150799509;888878022;80680;621328517;1162004;1
87857;3807764868;3009086479;612784478;90968;728499171;1144344;1
139399;5224680098;3482821616;745407081;144034;69363089;1471508;1
178334;6260641738;3662370495;81104538;181715;789451783;1630704;1
144084;5559210209;3321238891;801921074;149076;729421056;1506255;1
84975;5118746638;2154482203;907106886;88730;629612341;1246361;1
118043;4937652445;3080001269;781601193;122903;675596941;13941;1
102769;5156080701;2611366518;862261419;109161;65023094;1378308;1
136960;5592958675;3133098688;828366668;139458;722141961;1458551;1
113206;5489710465;2642584778;876517212;116787;725860952;1388476;1
155057;6106779718;3255076812;846098403;159681;761057039;1564694;1
116715;5710488404;2788373978;872681468;127342;60261772;1488324;1
91146;4983917995;241896779;874317368;97149;672892643;1293559;1
101223;4965334606;2768662029;830110932;109593;713611945;1345426;1
79492;4225673288;2431162956;817920329;82708;637353474;1122831;1
93234;4529265064;2687630536;804913476;97428;715906997;1222886;1
167279;6900719941;3119956922;89195687;171794;578673899;1680121;1
193558;7694251488;3216858345;90840748;197851;605915848;1865297;1
146175;5929085046;3190201112;842906798;149156;632833301;1529068;1
108076;5160732298;270743408;851335233;112975;698815436;1378774;1
131811;5735417738;2954230955;857138757;135814;71150732;1457016;1
129038;540814829;3068177642;823493997;134796;64875817;1459345;1
130868;6131726145;2731819147;895270971;134139;536784249;1513352;1
206720;7134725493;3736425439;851905369;210114;780576219;1866091;1
205497;6327276067;4141883255;755968807;209486;76928865;1736839;1
146420;5980726814;3143906394;850686743;149403;746736026;1531955;1
126014;5231863795;30911683;806792408;130059;736226499;1396906;1
101103;4841659011;269145887;83125185;105500;67;1307683;1
61444;3716938257;2131798061;819180326;64321;737472545;1006984;1
160605;6306173412;3307711388;851398389;167411;723185339;1679562;1
100649;4333668701;3004577801;720639035;103883;724719182;1257029;1
112808;5425047797;2672018778;870293382;116961;743155287;13904;1
105951;5211127579;2677270571;857933758;111368;733559965;1377248;1
177916;5817097499;3945247078;734862852;181352;737206739;1647505;1
109254;483163737;2898286843;800107952;111624;740102967;1293225;1
128574;6018002346;2762481554;88841751;135975;67400216;1508934;1
124166;5259453568;3041564686;815821133;126960;728998849;1388684;1
133784;5812869477;300635686;855870727;139806;679589556;1502661;1
80481;4810639534;217561151;891891237;85153;714973571;1219105;1
63491;3266328824;2483224493;649631331;64892;734356566;950297;1
109791;4770335016;2945338471;786627389;112766;744780007;1290239;1
89236;3896816918;2953319356;652394055;92014;696992892;1144036;1
152267;5989676358;3312490172;833159184;157353;594050406;1570502;1
89721;5301565743;2234999334;90679426;95252;547433097;1295377;1
129493;4977881364;3395262777;731287033;136555;647529753;1447684;1
74966;4653608157;2092796463;893172211;78159;712414947;1157089;1
136180;5514538281;316469824;818937495;139701;729890232;146103;1
102013;4538934581;292130181;76535397;106036;637828409;1266255;1
169078;6449312689;3365716285;853023753;173362;682988899;1629634;1
78304;3909730835;2627704159;740466412;82394;623285654;1137706;1
54321;39501184;1823239807;887105943;58632;625069042;1021989;1
101439;5248171864;2511605543;878050657;107520;733311646;1393213;1
118787;5622809569;2733299091;873898112;125083;643713354;1459584;1
85517;4106220937;2698171718;753808948;88349;70294108;1127889;1
72653;4031909593;2310557342;819507998;74718;663897875;106207;1
126515;5953425575;2779092929;884359909;134574;712977469;1461111;1
117714;480629674;314026534;757043179;120922;724300244;1361884;1
62451;3372899875;2377053859;709454946;64499;696275072;963009;1
107895;4620461305;3005589867;759510001;110755;764047729;1277791;1
199015;6154172359;4139274732;740009433;201464;768569796;1687866;1
130388;5118975835;3263124485;770486336;132727;719183673;1393974;1
106440;5010443057;2731940698;838273925;108790;750751174;1302472;1
109878;5419483998;260083619;87732059;112825;689192749;1369202;1
78984;4274942761;2368825745;832437662;82328;69841719;1169476;1
135899;6253482265;2868998907;88854772;144444;632588558;1594209;1
193818;6785595652;3679003618;840263379;201241;79154619;1766873;1
137788;6544702641;2723013;909335484;141442;706431237;1562268;1
71800;4310085748;2187157773;861680554;77521;648154835;1187724;1
96210;4825120191;2626744113;838832653;102157;686586549;1270564;1
103057;5484052371;241123219;898154134;107983;715653732;1391207;1
104602;4782226517;279361007;811634818;106906;77991351;1263012;1
105467;4655737975;2902024046;781965247;109052;730380886;1302361;1
83059;4405599708;2436365121;833170935;88806;685808886;1238163;1
99378;466397472;2755755957;80677413;102653;6870381;1260343;1
90585;4896477891;2393502938;87238391;95774;672344689;1270266;1
83065;4449996477;2413311658;84017353;87785;720549965;1182561;1
54357;3625947181;1929493667;846659474;56006;699917592;945828;1
169645;7315618761;2994134054;912408981;174278;755515672;1753016;1
70461;3761708434;2439548291;761196452;72819;72827907;1046692;1
105347;4768035004;2820258157;806310313;108072;769034792;1266876;1
160583;6306452291;3262445303;855792865;165385;751898675;1646559;1
101772;4779089439;2734043639;820194593;104567;684337933;1266657;1
61123;3293302205;2572680933;624298597;70556;723263519;1128077;1
90375;4806324763;2410167682;865182269;93826;643559069;1251679;1
131847;5604209076;3026406658;841649703;134950;744313787;1446145;1
81998;4236326319;2512394448;805158483;83932;729480633;1130427;1
105924;4977006461;2745758066;834050126;109179;716535433;129527;1
121757;4865210676;3233517303;747181362;125067;759912623;1357888;1
116198;4942591759;3016828956;792113448;118786;71936754;132807;1
86846;4593960385;2426199645;849164703;89047;725930755;1173308;1
77799;4193385795;2383432501;822766851;80688;648001;1114454;1
75242;3916781455;2480891166;773824179;77890;668176329;1077419;1
113164;4867663599;2971102875;792112164;116531;739561481;1313092;1
194864;6578678432;3780584606;818383583;197430;786426888;1700937;1
103313;5034514388;2664450356;848474157;108615;667043297;1343017;1
98464;4882150041;2617242599;844164633;101977;679432242;1259069;1
97377;5039920682;2524996254;865447744;101317;708423059;1281252;1
169880;648904219;3391311299;852564975;177170;713766518;1660677;1
69746;3705604807;2419144571;757501058;72724;71260281;1027513;1
172334;595817747;3750205347;777064027;174610;636111296;1591894;1
192815;7314402924;3371023722;887465183;196576;734399043;1803686;1
92121;4320619001;2756906108;769969011;95197;715447344;1193836;1
82462;4345712205;2444574533;826779841;85611;649910941;1174203;1
53325;3512037065;1972136417;827452081;56030;706141745;93449;1
151703;5951070958;3303427512;831784963;156402;67130865;1608599;1
40702;2741689537;191378387;71606769;41924;721615488;771797;1
81480;4341002588;2427017513;829105982;84581;674012309;116237;1
104669;5466727559;2485279077;890685928;110984;687345679;1398545;1
85390;4037297499;2729703269;736790229;88615;710499821;1156718;1
178692;5947221714;3840380462;763554308;181288;74704638;1622032;1
104385;488897551;2776837439;823042761;108197;772169783;1315843;1
206689;746145341;3553006855;879346962;212569;745808887;1876028;1
98166;4207021756;2995836092;702074218;100659;707426224;1245034;1
156769;6629666319;3078680665;88563635;161782;742108801;1646525;1
182823;7000084625;3377066668;87593328;190749;698891395;1789254;1
96139;4983876606;2501120371;864959104;100204;675361077;1298138;1
99177;4940551922;2609736477;849102747;104468;61417513;1317687;1
76114;4353879154;2247276306;856495219;77824;681927322;1100929;1
111056;5147145466;277879091;841748223;114995;670785994;1370914;1
51350;3426553034;2040111119;803442088;54576;649178255;930051;1
144973;6148149264;3043315314;868894695;150534;733669028;1539429;1
182788;6212067629;3794244465;791795655;188848;733060891;1679075;1
128442;5859819941;2816014086;876960072;133704;750683811;1499355;1
76364;3818024151;2585879725;73572335;78977;747347818;10758;1
158808;6589566002;308528449;883618526;162376;726610542;1624343;1
106923;5911158376;2348233464;917708543;111428;522278775;1425109;1
60640;3692703695;2185287077;806095763;66145;711720382;1036527;1
88257;4529245926;2544821926;827229367;92886;736088407;1209622;1
102868;4300260915;3129725953;685790415;106439;717930823;1251802;1
61539;3642559451;2203620197;796252226;65462;7233925;1056491;1
129292;6145474258;2700854905;898249041;133475;689689754;1531744;1
57999;31102247;2434761211;622242108;61519;656334872;968697;1
88315;4567407136;2481499566;839534766;92046;644193035;1205863;1
88250;4784818356;2383218863;867131498;92397;606600084;1217127;1
141137;600126138;3057668376;86046812;145158;585589398;1495983;1
123980;5318682601;3325761746;780386042;138078;667621591;1539944;1
49371;320643403;2002455856;78101538;52692;675122045;921059;1
172783;820724022;3521936798;903244833;219952;496936979;2289889;1
86852;4564786879;2486068692;838683717;90550;607853978;1207534;1
91464;4332197933;2732554614;77598221;93852;717702448;118221;1
93441;39679078;3008126078;652122156;95370;723317129;1157771;1
94211;4500046169;2692865688;801191187;96340;71684776;1194631;1
124630;5850938025;2754936129;88221128;128308;681831859;148599;1
116361;5544901203;2770668866;866210843;125132;747413046;1434389;1
152992;5727053956;3412457032;803096791;155411;777524801;1500251;1
147843;6510028073;2997432602;887694392;155494;719325646;1633723;1
135036;5826875226;3015684879;85565446;139124;634567669;1509374;1
128107;6169944003;2679807338;900752608;133001;621483426;1513469;1
79975;4393125083;2404941902;836849476;83384;691161601;1162608;1
60674;345315246;2252188028;758036475;62614;735576165;987617;1
96404;4701016955;2642362097;827080776;99678;754547447;1265032;1
222915;7315594062;3899466998;84609325;227170;770542973;1876307;1
108379;4825655775;2893857273;800238655;111707;702710238;1316871;1
62562;4079392627;198710116;873342236;64694;628258686;1030757;1
204226;6482042885;4022832708;784117922;207198;773987918;1724662;1
77985;4733407049;2140920312;891865826;82967;674377378;1214981;1
104728;4956716825;2726867344;835075211;109157;730218937;1316398;1
85449;4711246639;2383286787;862608676;89794;584770469;12462;1
97558;4771107437;2619163163;835846416;100259;777045002;1229813;1
97049;5482208328;2316610186;906330851;102899;616301518;1399672;1
58870;3551360184;2120294595;802213456;60490;734956305;940363;1
83889;4509889914;2413303882;844780047;88842;729824958;1183981;1
110527;5145888486;2755833551;844509317;114538;689698853;1360821;1
66793;3622312356;2364044486;757673254;69506;684109182;1024169;1
91665;4854521433;2430800284;865604032;95741;700032075;1244563;1
126149;4788771011;3459199722;691520882;134778;624908356;1549185;1
101618;4434929899;2933841689;749918202;104508;750241792;1238627;1
96442;4504081356;2769226152;788662816;100712;703058137;1239314;1
79397;4349940818;2355194933;840744874;83074;696116854;1148633;1
86658;4392290769;2583043276;80879864;89048;699757752;1184581;1
113046;5489408354;2653050959;8754528;116819;677181674;1385645;1
53373;3306772412;2157016476;757958591;56639;654281336;936823;1
80274;4043024952;2560624764;773870556;84523;663542132;1153618;1
89431;4648339317;247352044;846662711;92412;624797395;1198853;1
84383;4039094148;2712515091;74094546;87629;67494521;1140605;1
98260;5201030781;2452097587;88188543;103918;576457129;1345687;1
104656;4894542174;2734526643;829377269;106961;741609977;1273128;1
100186;4625059292;2776991108;799682716;101921;682242863;1217831;1
122617;5036875762;3226225172;767940576;131499;643253594;1429352;1
117301;5072404407;2968298817;810899272;122361;618402185;1407401;1
48007;3026110474;2091160842;72281732;50679;677051307;889743;1
165681;6152108745;3467022458;826081781;170954;735823666;1635791;1
83929;4290904087;2520375627;809313914;87269;704841486;1176227;1
109701;5466352817;2566147321;882962171;113425;580625185;1405868;1
117098;6377702144;2374717854;928093615;120417;652865745;1484334;1
107082;5368515692;25871716;876217627;112201;729520929;1354715;1
102944;4771675089;2772224874;813921262;108053;715684093;1339098;1
53077;3272878204;2122310886;761253861;55532;646413348;934708;1
78161;4532033953;2226050244;871057374;81689;733492868;1161291;1
122433;5852941984;2707088097;886610152;128445;579493175;1526711;1
142069;6627137696;2754396927;909536563;148697;732276687;162258;1
82585;4361824306;2648740998;794506753;93928;588446959;132046;1
96753;4774997235;2619434084;836102728;99964;694107266;1258683;1
106393;4723094058;2875938899;793239365;109501;678388339;1281378;1
182122;6204872195;3764886055;794882897;187560;721829842;169523;1
49691;3366780578;1892616674;827039135;52077;724950397;919419;1
79057;4363900466;2368953933;839828107;82642;654597092;1148146;1
110785;5600071356;2593973494;886251871;116070;558566689;1456757;1
171749;6712545607;3289098892;871726491;175679;738159297;1689585;1
149841;5474564052;3545846058;761899987;155682;711847256;1544342;1
97513;4869021671;2572700163;849007165;100196;688908984;1272882;1
97254;4220440713;3058751238;68901521;100815;633349614;1254468;1
132116;5196799838;3253324878;779803256;133811;745071058;1393335;1
132730;535980907;32495892;795244976;139810;688558608;1475658;1
68576;377136928;2351294691;781855924;71551;719074732;1087108;1
109011;5043954957;2770339524;835664958;111306;620933014;1297147;1
109438;5027293381;2803437406;830080564;113476;6354731;1323557;1
76551;3944426146;2552544409;762382271;81613;632365454;1130405;1
121080;5734036122;2706325069;881611618;124432;723790395;1418385;1
86202;4377712614;2539093213;814613238;90825;705146139;1199809;1
134913;6396015714;273092077;904264761;139500;73672628;1535248;1
175247;7130171239;3163984978;896152602;179961;592162706;1739277;1
195281;6098297259;4085356188;742435528;197426;769656124;1639103;1
131496;5061154491;3343317845;750752113;134210;705522559;141202;1
175946;6045300676;3728498432;787151415;180289;775837589;1622809;1
66265;4245594345;2033812923;877792635;70487;628014974;1126765;1
106938;498433852;2745902751;834567201;110118;773187379;1285854;1
76624;4739659934;2077369888;898831116;80356;661007591;1205819;1
88747;4250072805;2686684637;774845821;92317;761312848;1184156;1
165940;6248449588;3406956311;838274613;170781;779463573;164114;1
181926;5799185509;4008016603;722726255;185474;716808511;1628157;1
148073;5993628139;3270840676;837967815;152985;690156141;1557606;1
103915;5164855009;2601054455;863933164;106499;691085026;1285063;1
71141;4171369997;2191852525;850823569;73629;725454805;1085215;1
169494;6149937443;35228079;819681103;172094;740122616;1607527;1
47253;3600191761;1725083892;877725147;51538;711320187;940542;1
102960;5223810484;25236543;875561861;105956;741658503;1311161;1
81570;450480907;2336080557;855032254;84540;733213483;1162256;1
62526;3572050867;22886293;767787509;65994;707307692;1006598;1
141613;5883715687;3112961675;84857138;149492;721793513;1521811;1
105961;4977014599;2759717264;832188722;109992;697561586;1347989;1
125282;5364989648;2994368265;829752693;129758;735948588;1404303;1
87252;4334845202;2610666438;798306516;90160;73579464;1166517;1
108771;472208192;2944538963;781769152;111241;770049274;1267646;1
138202;5569819072;3182528014;820680026;143228;697215215;1576336;1
92024;453715176;2604860546;818772562;94643;751860779;1204623;1
76708;4580446404;2163409323;881430321;78694;658392557;113568;1
105053;4904095974;277084224;825086992;107939;670404145;1297279;1
72924;4342226657;2204917639;861483822;77356;621603191;1183236;1
89169;4081899217;2813966838;724402895;93087;713854554;1187085;1
93042;4705658055;2542608114;841453216;95156;632396721;1216104;1
71054;3647511364;249723369;728880994;72956;727848231;1027206;1
90675;4262364248;2752870726;763459806;92030;740107415;1163021;1
137921;598761032;2972016018;868116234;142159;748756786;1510852;1
164440;5807758476;3623455742;78150484;167563;770427286;1554365;1
71502;4904334789;1894429399;922383026;75157;500546035;1182852;1
144250;606351813;3053303818;863964234;148528;800255194;1547081;1
223075;6942475503;411810369;805073466;225916;764940471;1812569;1
56244;3988024524;1828440459;888703306;58530;65636597;1008134;1
142239;6148344775;2977353473;874928099;148078;643516382;1553114;1
78632;4079403285;2458211977;798050128;79715;689010979;1068727;1
93430;4676371192;258947168;832692769;98337;7129884;1258966;1
97583;5227865556;241940773;886467562;101231;725982963;1298731;1
123654;5424197414;2934732356;840993944;126325;65953021;1400524;1
85894;4771719928;2310396812;874965463;89369;730391156;1202493;1
235047;772956877;388201507;864734549;239093;711672732;194205;1
152611;6631332504;2974179501;893780798;158488;61471504;1755968;1
83932;4992377543;2244723887;893214785;88572;67084419;1258062;1
117354;5203266122;2896619857;83071856;121057;712064948;1374171;1
66315;3635788956;2344544522;764307755;68906;688944066;1015021;1
87663;4056780508;2774549315;729548695;89710;743688283;1126518;1
95364;4815643732;2538467812;849784975;97623;737951528;1225352;1
78787;4502555917;228912522;861117655;80567;677376367;1142632;1
160451;5937498799;3467570543;811745025;163523;785231188;1548609;1
121077;521191031;3021091845;814864461;125856;734512254;1403043;1
62280;388582055;2055143916;848694829;63596;791440045;977906;1
106897;4817946852;2886600202;80064808;109314;715983148;128469;1
111568;4911120737;2939110068;801152573;114128;734758929;1303224;1
61556;3407836277;2314351892;73402126;63181;734803992;956302;1
47609;3318941109;1842131203;831826447;49720;748192733;874091;1
61861;3459436498;2354304678;732705625;67390;70227959;1063621;1
84855;420350624;2758810121;754489905;90768;673805327;1172642;1
127292;6398506348;2583819447;914840211;129101;534714521;1496062;1
125968;5225437758;3080475964;807757147;129444;739578685;1414078;1
48488;2753377168;226802199;566991437;50103;669594277;859326;1
84774;4162814499;2640989928;772985146;90393;697670974;1209582;1
78921;3769878173;2688326119;701055316;82584;719924469;1144959;1
145235;6096301806;3066080357;864320723;148876;682495301;1538316;1
87039;4970580562;2362127732;879866091;96247;636981038;1271343;1
181126;9496626718;293386698;951082244;225592;414153748;2352029;1
142419;5804381967;318180558;836364958;145899;754857688;1512658;1
92619;3986207288;2968829335;667315162;95666;742996727;117339;1
68510;3484009519;2529930044;687531298;70513;670877399;1028839;1
48551;3028128348;2059633801;733056942;50748;742824357;862001;1
92472;4244199935;2822115053;746901655;95982;746163157;120461;1
100928;4651799197;2870157139;78696365;105549;686192924;131051;1
96920;4475951038;2774359099;784730757;100285;687258906;122991;1
96762;4574774879;2773867797;795205711;101717;78868349;124875;1
151908;5941828014;3285680583;833198042;155600;721207805;1560016;1
75368;3878523157;2505845218;76326774;77706;735096754;1078409;1
168269;6143804322;3534662998;817927331;173527;756241377;1641456;1
99333;42287694;3022095731;699480849;101942;720765368;1191348;1
102722;4168989374;3175428031;647955574;107169;724419777;1261988;1
104468;5421781725;2500630792;887286135;108119;646932785;1360497;1
73699;4085855548;2311420842;824602335;76106;703181055;1079578;1
71918;4485277271;2077512363;88626171;75002;696373759;1091499;1
127933;5607226757;2946625589;850790524;130766;667778474;14266;1
73294;4452461201;2176202412;872416085;76157;654434087;11476;1
189069;6794893072;3570472563;850815756;195810;612143209;1831909;1
159064;5702169046;3682206845;763544285;165584;781964054;156383;1
120818;4926065372;3152013498;768487895;123230;672032484;1311522;1
59890;4024157189;1946688358;875205907;61673;719710626;1034144;1
137593;5580587508;3167128382;823355491;142114;677764642;1478596;1
166654;6079964652;3496589887;818082863;169060;753517688;1574164;1
55858;2988588591;2398993992;596358734;58630;681452744;91513;1
105308;4733133932;284170622;799710534;108094;787014132;1259934;1
67468;424563654;2078230517;87200443;70674;611693881;1105042;1
132680;5498652777;308392291;827917003;136612;650653694;1453895;1
154197;5826121787;3432602128;808005855;160008;762219476;1555816;1
225043;7400037432;3903008576;849597917;229195;744187354;1853893;1
66613;4331941642;1998147343;887265505;70454;708950617;1085157;1
141559;5941144312;3063100019;856845008;146674;764489545;1530598;1
77622;4601429023;226581322;870360472;82990;651213128;1205141;1
179668;6904334163;3325532581;876358889;181954;779403089;1681985;1
105091;5076851162;2680873433;849208116;108296;700270537;1295591;1
66938;3563232835;248674245;71620554;69880;708661084;1022705;1
97494;4517827664;2782800079;787777611;101878;689695666;1254755;1
101770;4686679004;2798129101;802212378;103475;785177527;1233824;1
88338;5044821967;2271275085;892918128;90790;727157486;1230493;1
119336;5635463265;2753557685;872500913;125523;668155987;1469764;1
126019;5206800335;3161898754;794500651;130948;694510885;1422242;1
154498;6213515398;3185977308;858538226;159694;750048547;1585782;1
82632;4713667164;2273931825;875944181;87501;633078974;1243987;1
218459;5712892031;4922752785;507431838;228259;731973651;194746;1
150420;6077096735;3168097244;853362761;153905;642408712;1557266;1
110296;4876911592;2899248299;804107077;113271;687099748;1316112;1
171264;6096431474;3592245718;807959919;174156;771737563;1592095;1
110936;5009313423;2862523864;820643598;113888;732395854;1319435;1
54502;346457978;2040812123;808096294;56464;636111111;927283;1
142415;5320841297;3424207326;765407249;144862;770643939;1449803;1
94282;49416296;2448038886;868670102;97707;702386185;126968;1
68799;3565678081;2532546956;703942708;71879;700929152;104127;1
79058;4544372156;2369642525;853284574;82555;578255972;1175034;1
85646;4697747551;2385393844;861490344;92673;6810436;1226892;1
107486;4628131338;2960912378;768571317;108914;759967476;1235078;1
149703;6378730298;3046225324;878599234;154549;593805036;1596356;1
187391;6606555881;3623150066;836204746;189799;71394663;1682478;1
115272;5114720359;2915913488;821573762;119773;62476017;1392653;1
83248;4300773077;2478386945;817262582;85839;66879293;1129072;1
87350;4407356978;2592931487;808628995;90899;636476246;1214252;1
99657;4317069809;2988373229;721684066;106264;741098519;1292828;1
93523;4763440939;2541760536;84573851;97653;658798253;1258548;1
85609;5120817743;2152719758;907345395;89197;632019963;1272862;1
